book-of-changes,易經 I Ching &ndash; Book of Changes | Throw Hexagrams,throw,"touch_wheel,throw_control,archive_post_handler",
build,易經 I Ching &ndash; Book of Changes | Build Hexagrams,"throw,build",build_control,book-of-changes
trigrams,八卦 Trigrams &ndash; I Ching | 易經 &ndash; Book of Changes,"throw,trigrams",trigrams_control,book-of-changes
hexagrams,易經 Hexagrams &ndash; I Ching &ndash; Book of Changes,"throw,hexagrams",hexagrams_control,book-of-changes
ex-machina,Ex Machina &ndash; Ching &ndash; Book of Changes,ex_machina,,book-of-changes
i-ching,易經 I Ching &ndash; Book of Changes | The Book,i_ching,,book-of-changes
profile,Profile | 易經 Book of Changes,profile,profile_editor,book-of-changes
cred,Login Creds | 易經 Book of Changes,profile,,book-of-changes
contacts,User Contacts | 易經 Book of Changes,users,messenger_control,book-of-changes
archives,User Archive | 易經 Book of Changes,archive,"archive_control,archive_filter",book-of-changes
history,Throw History | 易經 Book of Changes,archive,,book-of-changes
